{"cameraMode":{"drawMode":0,"name":"Shaded","section":"Shading Mode"},"sceneLighting":true,"audioPlay":false,"sceneViewState":{"m_AlwaysRefresh":false,"showFog":true,"showSkybox":true,"showFlares":true,"showImageEffects":true,"showParticleSystems":true,"showVisualEffectGraphs":true,"m_FxEnabled":true},"in2DMode":false,"pivot":{"x":10.260000228881836,"y":1.2799997329711915,"z":-2.239999771118164},"rotation":{"x":0.023420995101332666,"y":0.9208099842071533,"z":-0.3853139281272888,"w":0.056042708456516269},"size":29.132658004760743,"orthographic":false}